{
  "best_model": "XGBoost",
  "test_accuracy": 0.9615384615384616,
  "cv_accuracy": 0.9340481813887577,
  "cv_std": 0.012070842820308748,
  "auc_score": 0.9962838378418057,
  "n_features": 35,
  "n_classes": 3,
  "class_names": [
    "high",
    "low",
    "medium"
  ],
  "training_samples": 728,
  "test_samples": 182,
  "previous_best_model": "Gradient Boosting",
  "improvement": 0.027472527472527486
}